ID,Name,Mobile Number,Email,Hobby,Gender,Birthdate,Add ID,Address,City,State,Pincode
ID,Name,Mobile Number,Email,Hobby,Gender,Birthdate,Add ID,Address,City,State,Pincode
ID,Name,Mobile Number,Email,Hobby,Gender,Birthdate,Add ID,Address,City,State,Pincode
ID,Name,Mobile Number,Email,Hobby,Gender,Birthdate,Add ID,Address,City,State,Pincode
ID,Name,Mobile Number,Email,Hobby,Gender,Birthdate,Add ID,Address,City,State,Pincode
ID,Name,Mobile Number,Email,Hobby,Gender,Birthdate,Add ID,Address,City,State,Pincode
ID,Name,Mobile Number,Email,Hobby,Gender,Birthdate,Add ID,Address,City,State,Pincode
ID,Name,Mobile Number,Email,Hobby,Gender,Birthdate,Add ID,Address,City,State,Pincode
ID,Name,Mobile Number,Email,Hobby,Gender,Birthdate,Add ID,Address,City,State,Pincode
ID,Name,Mobile Number,Email,Hobby,Gender,Birthdate,Add ID,Address,City,State,Pincode
ID,Name,Mobile Number,Email,Hobby,Gender,Birthdate,Add ID,Address,City,State,Pincode
ID,Name,Mobile Number,Email,Hobby,Gender,Birthdate,Add ID,Address,City,State,Pincode
ID,Name,Mobile Number,Email,Hobby,Gender,Birthdate,Add ID,Address,City,State,Pincode
ID,Name,Mobile Number,Email,Hobby,Gender,Birthdate,Add ID,Address,City,State,Pincode
ID,Name,Mobile Number,Email,Hobby,Gender,Birthdate,Add ID,Address,City,State,Pincode
ID,Name,Mobile Number,Email,Hobby,Gender,Birthdate,Add ID,Address,City,State,Pincode
ID,Name,Mobile Number,Email,Hobby,Gender,Birthdate,Add ID,Address,City,State,Pincode
ID,Name,Mobile Number,Email,Hobby,Gender,Birthdate,Add ID,Address,City,State,Pincode
ID,Name,Mobile Number,Email,Hobby,Gender,Birthdate,Add ID,Address,City,State,Pincode
ID,Name,Mobile Number,Email,Hobby,Gender,Birthdate,Add ID,Address,City,State,Pincode
ID,Name,Mobile Number,Email,Hobby,Gender,Birthdate,Add ID,Address,City,State,Pincode

74,Pradip Chavda,9909714196,chavdapradip48@gmail.com,Travelling,male,2000-04-21,93,Shankarpara,Botad,Gujarat,364710,
,,,,,,,95,Memnagar,Ahmedabad,Rajasthan,380013,
,,,,,,,
102,Rakesh k Chavda,6655335522,rakesh@gmail.com,Travelling,male,2000-03-21,103,Gayatrinagar 1,Ahmedabad,Madhyapradesh,364710,
,,,,,,,106,this is neww 1,Ahmedabad,Rajasthan,336655,
,,,,,,,107,this new 22,Baroda,Madhyapradesh,336655,
,,,,,,,
108,Krunal h,9909714127,krunal@gmail.com,Cricket,male,2000-05-21,109,this is new ,Baroda,Madhyapradesh,123545,
,,,,,,,111,this is new,Botad,Rajasthan,336655,
,,,,,,,
112,Bhavin ,1234567890,bhavin1@gmail.com,Reading Books,male,2000-04-11,117,THIS IS UP[DATE,Ahmedabad,Rajasthan,335522,
,,,,,,,118,THJIS IS NEW,Ahmedabad,Rajasthan,336655,
,,,,,,,
124,Parth M Hadiyal ,9902233012,parth1@gmail.com,Learning New Things,female,1999-05-21,126,this is updated 2,Baroda,Madhyapradesh,885522,
,,,,,,,128,this is updated 1,Ahmedabad,Rajasthan,335588,
,,,,,,,ID,Name,Mobile Number,Email,Hobby,Gender,Birthdate,Add ID,Address,City,State,Pincode
ID,Name,Mobile Number,Email,Hobby,Gender,Birthdate,Add ID,Address,City,State,Pincode
ID,Name,Mobile Number,Email,Hobby,Gender,Birthdate,Add ID,Address,City,State,Pincode
ID,Name,Mobile Number,Email,Hobby,Gender,Birthdate,Add ID,Address,City,State,Pincode
ID,Name,Mobile Number,Email,Hobby,Gender,Birthdate,Add ID,Address,City,State,Pincode
ID,Name,Mobile Number,Email,Hobby,Gender,Birthdate,Add ID,Address,City,State,Pincode
ID,Name,Mobile Number,Email,Hobby,Gender,Birthdate,Add ID,Address,City,State,Pincode
ID,Name,Mobile Number,Email,Hobby,Gender,Birthdate,Add ID,Address,City,State,Pincode
ID,Name,Mobile Number,Email,Hobby,Gender,Birthdate,Add ID,Address,City,State,Pincode
ID,Name,Mobile Number,Email,Hobby,Gender,Birthdate,Add ID,Address,City,State,Pincode
ID,Name,Mobile Number,Email,Hobby,Gender,Birthdate,Add ID,Address,City,State,Pincode
ID,Name,Mobile Number,Email,Hobby,Gender,Birthdate,Add ID,Address,City,State,Pincode
ID,Name,Mobile Number,Email,Hobby,Gender,Birthdate,Add ID,Address,City,State,Pincode
ID,Name,Mobile Number,Email,Hobby,Gender,Birthdate,Add ID,Address,City,State,Pincode
ID,Name,Mobile Number,Email,Hobby,Gender,Birthdate,Add ID,Address,City,State,Pincode
ID,Name,Mobile Number,Email,Hobby,Gender,Birthdate,Add ID,Address,City,State,Pincode
ID,Name,Mobile Number,Email,Hobby,Gender,Birthdate,Add ID,Address,City,State,Pincode
ID,Name,Mobile Number,Email,Hobby,Gender,Birthdate,Add ID,Address,City,State,Pincode
ID,Name,Mobile Number,Email,Hobby,Gender,Birthdate,Add ID,Address,City,State,Pincode
ID,Name,Mobile Number,Email,Hobby,Gender,Birthdate,Add ID,Address,City,State,Pincode
ID,Name,Mobile Number,Email,Hobby,Gender,Birthdate,Add ID,Address,City,State,Pincode
ID,Name,Mobile Number,Email,Hobby,Gender,Birthdate,Add ID,Address,City,State,Pincode
ID,Name,Mobile Number,Email,Hobby,Gender,Birthdate,Add ID,Address,City,State,Pincode
ID,Name,Mobile Number,Email,Hobby,Gender,Birthdate,Add ID,Address,City,State,Pincode
ID,Name,Mobile Number,Email,Hobby,Gender,Birthdate,Add ID,Address,City,State,Pincode
ID,Name,Mobile Number,Email,Hobby,Gender,Birthdate,Add ID,Address,City,State,Pincode
ID,Name,Mobile Number,Email,Hobby,Gender,Birthdate,Add ID,Address,City,State,Pincode
ID,Name,Mobile Number,Email,Hobby,Gender,Birthdate,Add ID,Address,City,State,Pincode
ID,Name,Mobile Number,Email,Hobby,Gender,Birthdate,Add ID,Address,City,State,Pincode
ID,Name,Mobile Number,Email,Hobby,Gender,Birthdate,Add ID,Address,City,State,Pincode
ID,Name,Mobile Number,Email,Hobby,Gender,Birthdate,Add ID,Address,City,State,Pincode
ID,Name,Mobile Number,Email,Hobby,Gender,Birthdate,Add ID,Address,City,State,Pincode
ID,Name,Mobile Number,Email,Hobby,Gender,Birthdate,Add ID,Address,City,State,Pincode
ID,Name,Mobile Number,Email,Hobby,Gender,Birthdate,Add ID,Address,City,State,Pincode
ID,Name,Mobile Number,Email,Hobby,Gender,Birthdate,Add ID,Address,City,State,Pincode
ID,Name,Mobile Number,Email,Hobby,Gender,Birthdate,Add ID,Address,City,State,Pincode
